subject,session,AcqGroup
1317462,PNC1,1
2804514247,PNC1,1
2828263690,PNC1,1
2824389829,PNC1,1
2823833643,PNC1,1
2819146349,PNC1,1
2814825506,PNC1,1
2799972108,PNC1,1
2791148092,PNC1,1
2785454369,PNC1,1
2781760374,PNC1,1
2780566236,PNC1,1
2776193382,PNC1,1
2830121192,PNC1,1
2842709105,PNC1,1
2906198493,PNC1,1
2905849066,PNC1,1
2901356997,PNC1,1
2896375520,PNC1,1
2895974122,PNC1,1
2894537898,PNC1,1
2893679025,PNC1,1
2886590951,PNC1,1
2885180167,PNC1,1
2884173160,PNC1,1
2880229752,PNC1,1
2876352000,PNC1,1
2864018454,PNC1,1
2861717830,PNC1,1
2860715826,PNC1,1
2852081635,PNC1,1
2851612661,PNC1,1
2766838213,PNC1,1
2763114922,PNC1,1
2762662297,PNC1,1
2711538206,PNC1,1
2710418039,PNC1,1
2710058273,PNC1,1
2709385105,PNC1,1
2706712860,PNC1,1
2705533334,PNC1,1
2694518755,PNC1,1
2691116331,PNC1,1
2691009321,PNC1,1
2689188662,PNC1,1
2680509132,PNC1,1
2675724304,PNC1,1
2671429330,PNC1,1
2670840190,PNC1,1
2715820110,PNC1,1
2719078954,PNC1,1
2758762405,PNC1,1
2758144993,PNC1,1
2755175939,PNC1,1
2753998487,PNC1,1
2748843731,PNC1,1
2748427955,PNC1,1
2748158536,PNC1,1
2742726803,PNC1,1
2741286919,PNC1,1
2740569399,PNC1,1
2734016600,PNC1,1
2729807028,PNC1,1
2726208310,PNC1,1
2721211800,PNC1,1
3138616935,PNC1,1
3133368442,PNC1,1
3128815857,PNC1,1
3123810007,PNC1,1
3123429468,PNC1,1
3117409134,PNC1,1
3117043986,PNC1,1
3112586807,PNC1,1
3104080596,PNC1,1
3100094802,PNC1,1
3095311898,PNC1,1
3092187032,PNC1,1
3090659941,PNC1,1
3082686752,PNC1,1
3081556774,PNC1,1
3147576269,PNC1,1
3209198339,PNC1,1
3204472167,PNC1,1
3194463561,PNC1,1
3194237272,PNC1,1
3192540230,PNC1,1
3190862186,PNC1,1
3185171421,PNC1,1
3185151244,PNC1,1
3182049011,PNC1,1
3176046588,PNC1,1
3171575673,PNC1,1
3170512105,PNC1,1
3165713481,PNC1,1
3150163478,PNC1,1
2925300630,PNC1,1
2981829638,PNC1,1
2978762615,PNC1,1
2972126748,PNC1,1
2970389523,PNC1,1
2967555571,PNC1,1
2943493898,PNC1,1
2939120682,PNC1,1
2934644075,PNC1,1
2933854864,PNC1,1
2933325835,PNC1,1
2929280193,PNC1,1
2928085046,PNC1,1
2979786632,PNC1,1
3062402909,PNC1,1
2988053796,PNC1,1
3060404940,PNC1,1
3052691308,PNC1,1
3039910629,PNC1,1
3035602262,PNC1,1
3032863642,PNC1,1
3029167955,PNC1,1
3022646611,PNC1,1
3017936002,PNC1,1
3016118416,PNC1,1
3014879953,PNC1,1
3010354631,PNC1,1
3010264843,PNC1,1
2996472019,PNC1,1
2657764686,PNC1,1
2657079253,PNC1,1
2272230240,PNC1,1
2269734277,PNC1,1
2262929710,PNC1,1
2259039644,PNC1,1
2256834144,PNC1,1
2253200176,PNC1,1
2248403809,PNC1,1
2247752771,PNC1,1
2242628840,PNC1,1
2235019065,PNC1,1
2225237681,PNC1,1
2222241318,PNC1,1
2271737742,PNC1,1
2209414761,PNC1,1
2285120424,PNC1,1
2322119606,PNC1,1
2319858717,PNC1,1
2319442352,PNC1,1
2318003050,PNC1,1
2312088658,PNC1,1
2311827557,PNC1,1
2311595124,PNC1,1
2308648032,PNC1,1
2299321259,PNC1,1
2293300734,PNC1,1
2215153516,PNC1,1
2333531511,PNC1,1
2154725318,PNC1,1
2146308400,PNC1,1
2129564650,PNC1,1
2112415953,PNC1,1
2112119995,PNC1,1
2110496117,PNC1,1
2108937486,PNC1,1
2108841974,PNC1,1
2105801105,PNC1,1
2103228157,PNC1,1
2093758775,PNC1,1
2087996196,PNC1,1
2152052186,PNC1,1
2194652555,PNC1,1
2192302358,PNC1,1
2184988827,PNC1,1
2182362214,PNC1,1
2180976537,PNC1,1
2180316189,PNC1,1
2172281415,PNC1,1
2171168019,PNC1,1
2170880573,PNC1,1
2170759229,PNC1,1
2167615125,PNC1,1
2166835733,PNC1,1
2333477346,PNC1,1
2333670705,PNC1,1
2585124211,PNC1,1
2555837927,PNC1,1
2544376434,PNC1,1
2539774514,PNC1,1
2537779643,PNC1,1
2533255886,PNC1,1
2529143538,PNC1,1
2518846638,PNC1,1
2511291760,PNC1,1
2508284118,PNC1,1
2507776631,PNC1,1
2499963942,PNC1,1
2498589740,PNC1,1
2470886822,PNC1,1
2564511370,PNC1,1
2586296094,PNC1,1
2588038141,PNC1,1
2650375172,PNC1,1
2649991749,PNC1,1
2647545200,PNC1,1
2646855369,PNC1,1
2639722173,PNC1,1
2625914260,PNC1,1
2625808132,PNC1,1
2620895813,PNC1,1
2614145086,PNC1,1
2613113832,PNC1,1
2610067614,PNC1,1
2604857252,PNC1,1
2593612027,PNC1,1
2589790495,PNC1,1
2588900615,PNC1,1
2588125611,PNC1,1
2464767924,PNC1,1
2333937949,PNC1,1
2404418579,PNC1,1
2402029124,PNC1,1
2398605805,PNC1,1
2397365139,PNC1,1
2394345225,PNC1,1
2392768937,PNC1,1
2390107820,PNC1,1
2385983560,PNC1,1
2375649228,PNC1,1
2367528097,PNC1,1
2365721251,PNC1,1
2359486867,PNC1,1
2351609522,PNC1,1
2344269626,PNC1,1
2340561949,PNC1,1
2336714673,PNC1,1
2403464508,PNC1,1
2404507707,PNC1,1
2461687277,PNC1,1
2449123338,PNC1,1
2446607895,PNC1,1
2435244873,PNC1,1
2433433960,PNC1,1
2428446542,PNC1,1
2425606479,PNC1,1
2424990755,PNC1,1
2422512134,PNC1,1
2422503990,PNC1,1
2420532406,PNC1,1
2413176236,PNC1,1
2412716526,PNC1,1
2408914693,PNC1,1
3214822644,PNC1,1
3909015218,PNC1,1
3906186680,PNC1,1
3902996821,PNC1,1
3896564969,PNC1,1
3892575145,PNC1,1
3891584278,PNC1,1
3888585994,PNC1,1
3885398873,PNC1,1
3880738222,PNC1,1
3880233477,PNC1,1
3870295870,PNC1,1
3870273492,PNC1,1
3869583798,PNC1,1
3867546625,PNC1,1
3866325191,PNC1,1
3906575236,PNC1,1
3914722336,PNC1,1
3982145425,PNC1,1
3932933674,PNC1,1
3931956861,PNC1,1
3930335526,PNC1,1
3926498329,PNC1,1
3925151495,PNC1,1
3923883359,PNC1,1
3920704580,PNC1,1
3859141450,PNC1,1
3851803705,PNC1,1
3985888022,PNC1,1
3793444603,PNC1,1
3782270648,PNC1,1
3778541583,PNC1,1
3778234840,PNC1,1
3769010696,PNC1,1
3763213896,PNC1,1
3762475569,PNC1,1
3761349403,PNC1,1
3756388677,PNC1,1
3753613715,PNC1,1
3753452353,PNC1,1
3749102689,PNC1,1
3748226758,PNC1,1
3747270459,PNC1,1
3744723479,PNC1,1
3744667754,PNC1,1
3807715038,PNC1,1
3847306693,PNC1,1
3846816171,PNC1,1
3840869169,PNC1,1
3837482902,PNC1,1
3836403514,PNC1,1
3830031504,PNC1,1
3829047511,PNC1,1
3827457731,PNC1,1
3822559318,PNC1,1
3816691265,PNC1,1
3815131512,PNC1,1
3813030131,PNC1,1
3809989470,PNC1,1
3809027065,PNC1,1
3808965674,PNC1,1
3991005721,PNC1,1
4215014897,PNC1,1
4208420410,PNC1,1
4199436321,PNC1,1
4198853043,PNC1,1
4196412787,PNC1,1
4193918219,PNC1,1
4190952364,PNC1,1
4187823334,PNC1,1
4187598678,PNC1,1
4182146714,PNC1,1
4177765106,PNC1,1
4174857942,PNC1,1
4172833860,PNC1,1
4172321775,PNC1,1
4167756410,PNC1,1
4211615439,PNC1,1
4216533717,PNC1,1
4160502168,PNC1,1
4292903812,PNC1,1
4290234295,PNC1,1
4288368085,PNC1,1
4286784089,PNC1,1
4285804772,PNC1,1
4285301913,PNC1,1
4284483827,PNC1,1
4284367721,PNC1,1
4276974103,PNC1,1
4269796936,PNC1,1
4269306166,PNC1,1
4268231041,PNC1,1
4250731906,PNC1,1
4242587695,PNC1,1
4240185446,PNC1,1
4239005932,PNC1,1
4238772277,PNC1,1
4163093414,PNC1,1
4083814481,PNC1,1
4080403633,PNC1,1
4069824072,PNC1,1
4069098061,PNC1,1
4065001465,PNC1,1
4061437282,PNC1,1
4060589852,PNC1,1
4040716945,PNC1,1
4039829353,PNC1,1
4031942322,PNC1,1
4026910516,PNC1,1
4026391232,PNC1,1
4020664673,PNC1,1
4016765342,PNC1,1
4006534625,PNC1,1
3996598573,PNC1,1
4083266820,PNC1,1
4144391965,PNC1,1
4085341874,PNC1,1
4137147732,PNC1,1
4137052624,PNC1,1
4135739225,PNC1,1
4133213633,PNC1,1
4122649464,PNC1,1
4118326689,PNC1,1
4117238293,PNC1,1
4113417726,PNC1,1
4108002155,PNC1,1
4107507507,PNC1,1
4106746357,PNC1,1
4100540491,PNC1,1
4099541746,PNC1,1
4095893651,PNC1,1
4093356685,PNC1,1
4090691856,PNC1,1
3744541693,PNC1,1
3381441522,PNC1,1
3377759088,PNC1,1
3359871584,PNC1,1
3357695482,PNC1,1
3354511550,PNC1,1
3351164964,PNC1,1
3349861642,PNC1,1
3346511370,PNC1,1
3342182273,PNC1,1
3340124957,PNC1,1
3386202055,PNC1,1
3337257001,PNC1,1
3410508529,PNC1,1
3458965699,PNC1,1
3452453842,PNC1,1
3451752350,PNC1,1
3450122487,PNC1,1
3445216767,PNC1,1
3443950251,PNC1,1
3443753647,PNC1,1
3441116881,PNC1,1
3438308617,PNC1,1
3437461935,PNC1,1
3419043004,PNC1,1
3410682651,PNC1,1
3410668296,PNC1,1
3338094212,PNC1,1
3332328549,PNC1,1
3468032341,PNC1,1
3253387239,PNC1,1
3249817543,PNC1,1
3245755395,PNC1,1
3241674953,PNC1,1
3236504015,PNC1,1
3235320003,PNC1,1
3234586495,PNC1,1
3234489701,PNC1,1
3227202635,PNC1,1
3221434093,PNC1,1
3220670955,PNC1,1
3219790231,PNC1,1
3218515872,PNC1,1
3327313154,PNC1,1
3260871738,PNC1,1
3323308438,PNC1,1
3321849919,PNC1,1
3319985890,PNC1,1
3316130924,PNC1,1
3290096905,PNC1,1
3289273628,PNC1,1
3288745244,PNC1,1
3279245901,PNC1,1
3275217080,PNC1,1
3271604994,PNC1,1
3266753211,PNC1,1
3264624310,PNC1,1
3262225790,PNC1,1
3470362520,PNC1,1
3735452556,PNC1,1
3683182920,PNC1,1
3675945478,PNC1,1
3666908232,PNC1,1
3655426254,PNC1,1
3653965527,PNC1,1
3647998632,PNC1,1
3644730316,PNC1,1
3637736036,PNC1,1
3635306093,PNC1,1
3625162682,PNC1,1
3621702873,PNC1,1
3614947229,PNC1,1
3612049856,PNC1,1
3678218578,PNC1,1
3685268115,PNC1,1
3607981599,PNC1,1
3691492943,PNC1,1
3733778000,PNC1,1
3733544876,PNC1,1
3732485344,PNC1,1
3731824395,PNC1,1
3726776317,PNC1,1
3724155829,PNC1,1
3724047858,PNC1,1
3722539437,PNC1,1
3719615756,PNC1,1
3716972371,PNC1,1
3712060241,PNC1,1
3711850368,PNC1,1
3694822252,PNC1,1
3692156343,PNC1,1
3606976091,PNC1,1
3470445476,PNC1,1
3524638841,PNC1,1
3512003246,PNC1,1
3511452762,PNC1,1
3506926170,PNC1,1
3506213723,PNC1,1
3501955380,PNC1,1
3498010347,PNC1,1
3495559578,PNC1,1
3474496151,PNC1,1
3474248854,PNC1,1
3530244209,PNC1,1
3533807592,PNC1,1
3605497536,PNC1,1
3601751755,PNC1,1
3598760125,PNC1,1
3573560794,PNC1,1
3572235922,PNC1,1
3569165538,PNC1,1
3561979823,PNC1,1
3552163094,PNC1,1
3549674509,PNC1,1
3549161979,PNC1,1
3544869608,PNC1,1
3539717209,PNC1,1
3538085126,PNC1,1
3535898260,PNC1,1
3535052608,PNC1,1
2085520575,PNC1,1
2074860152,PNC1,1
2074348568,PNC1,1
708998859,PNC1,1
699288066,PNC1,1
698185794,PNC1,1
688334597,PNC1,1
681935372,PNC1,1
680441334,PNC1,1
678139191,PNC1,1
677581716,PNC1,1
676758900,PNC1,1
674306142,PNC1,1
673480448,PNC1,1
669437295,PNC1,1
662466380,PNC1,1
661613686,PNC1,1
657998684,PNC1,1
707016535,PNC1,1
765502775,PNC1,1
764315034,PNC1,1
762034957,PNC1,1
759622826,PNC1,1
756380264,PNC1,1
754064811,PNC1,1
749926734,PNC1,1
749654008,PNC1,1
733780371,PNC1,1
731048453,PNC1,1
725712542,PNC1,1
718830447,PNC1,1
634597131,PNC1,1
574930953,PNC1,1
568769650,PNC1,1
550810566,PNC1,1
537502840,PNC1,1
536638696,PNC1,1
530789110,PNC1,1
527463413,PNC1,1
526023406,PNC1,1
524958008,PNC1,1
523278137,PNC1,1
517593246,PNC1,1
510706202,PNC1,1
507224785,PNC1,1
500214245,PNC1,1
499092343,PNC1,1
631348709,PNC1,1
579459470,PNC1,1
629271662,PNC1,1
628391776,PNC1,1
628144066,PNC1,1
624076698,PNC1,1
620265516,PNC1,1
619635668,PNC1,1
618085604,PNC1,1
612700286,PNC1,1
610158411,PNC1,1
609583468,PNC1,1
606185341,PNC1,1
597625120,PNC1,1
595113616,PNC1,1
594496588,PNC1,1
584328521,PNC1,1
579934409,PNC1,1
765941980,PNC1,1
768254884,PNC1,1
969649154,PNC1,1
964422005,PNC1,1
962036104,PNC1,1
951581315,PNC1,1
950661655,PNC1,1
947782339,PNC1,1
924815264,PNC1,1
924632425,PNC1,1
920823026,PNC1,1
919679140,PNC1,1
915920148,PNC1,1
911677944,PNC1,1
909152050,PNC1,1
908607262,PNC1,1
965145125,PNC1,1
970890500,PNC1,1
1011497669,PNC1,1
1007995238,PNC1,1
1000393599,PNC1,1
997818717,PNC1,1
986035435,PNC1,1
985910486,PNC1,1
983504031,PNC1,1
982522394,PNC1,1
981492397,PNC1,1
978316517,PNC1,1
975856179,PNC1,1
974108074,PNC1,1
906347615,PNC1,1
903529086,PNC1,1
831211165,PNC1,1
831081379,PNC1,1
826824711,PNC1,1
826730657,PNC1,1
823277717,PNC1,1
818654763,PNC1,1
813520934,PNC1,1
809074299,PNC1,1
808262395,PNC1,1
803514179,PNC1,1
794058926,PNC1,1
782651188,PNC1,1
782547571,PNC1,1
779151395,PNC1,1
835001493,PNC1,1
845422206,PNC1,1
902534154,PNC1,1
850131294,PNC1,1
898340201,PNC1,1
894864165,PNC1,1
894197507,PNC1,1
893070403,PNC1,1
890147203,PNC1,1
881641391,PNC1,1
880296671,PNC1,1
867458668,PNC1,1
864032752,PNC1,1
863570233,PNC1,1
861649027,PNC1,1
860920010,PNC1,1
860165209,PNC1,1
496203414,PNC1,1
233205461,PNC1,1
228519096,PNC1,1
225017631,PNC1,1
210534092,PNC1,1
200066829,PNC1,1
199547104,PNC1,1
194293030,PNC1,1
192413932,PNC1,1
192271174,PNC1,1
192039987,PNC1,1
190100766,PNC1,1
182017409,PNC1,1
177928631,PNC1,1
176129790,PNC1,1
232853819,PNC1,1
162526644,PNC1,1
234528430,PNC1,1
287967180,PNC1,1
283366029,PNC1,1
277985884,PNC1,1
277233792,PNC1,1
276761217,PNC1,1
263354790,PNC1,1
261887422,PNC1,1
255246595,PNC1,1
254383703,PNC1,1
253771324,PNC1,1
248585929,PNC1,1
235478560,PNC1,1
158779019,PNC1,1
70214854,PNC1,1
60021964,PNC1,1
56162563,PNC1,1
52306425,PNC1,1
51217255,PNC1,1
49408975,PNC1,1
43606631,PNC1,1
37835493,PNC1,1
37329051,PNC1,1
36895554,PNC1,1
32938469,PNC1,1
31361606,PNC1,1
25811472,PNC1,1
25354225,PNC1,1
16684978,PNC1,1
11574123,PNC1,1
11407866,PNC1,1
65198031,PNC1,1
138434806,PNC1,1
131655018,PNC1,1
130118047,PNC1,1
121697273,PNC1,1
119126177,PNC1,1
113335479,PNC1,1
107578676,PNC1,1
103652366,PNC1,1
97005004,PNC1,1
93800202,PNC1,1
86226939,PNC1,1
84407714,PNC1,1
82699044,PNC1,1
80982198,PNC1,1
78982423,PNC1,1
292946269,PNC1,1
438637277,PNC1,1
420900014,PNC1,1
419535935,PNC1,1
415148142,PNC1,1
409133707,PNC1,1
408967257,PNC1,1
408837402,PNC1,1
402577805,PNC1,1
402523989,PNC1,1
392818846,PNC1,1
447184381,PNC1,1
488302404,PNC1,1
486404664,PNC1,1
486306438,PNC1,1
485017822,PNC1,1
482294424,PNC1,1
476252579,PNC1,1
471903637,PNC1,1
471230479,PNC1,1
467305309,PNC1,1
465465726,PNC1,1
451261789,PNC1,1
448304956,PNC1,1
447775004,PNC1,1
396724706,PNC1,1
389182564,PNC1,1
299894413,PNC1,1
348742929,PNC1,1
342333582,PNC1,1
340803193,PNC1,1
337120853,PNC1,1
336426329,PNC1,1
335003211,PNC1,1
334468298,PNC1,1
326891280,PNC1,1
322458406,PNC1,1
320127697,PNC1,1
307169010,PNC1,1
349934174,PNC1,1
388650152,PNC1,1
383103459,PNC1,1
377178190,PNC1,1
375434957,PNC1,1
373574366,PNC1,1
372100986,PNC1,1
370053661,PNC1,1
362293270,PNC1,1
361460013,PNC1,1
360459346,PNC1,1
360427065,PNC1,1
360338543,PNC1,1
355612286,PNC1,1
352505908,PNC1,1
1017092387,PNC1,1
1753282419,PNC1,1
1748232481,PNC1,1
1744430207,PNC1,1
1743802575,PNC1,1
1742732745,PNC1,1
1736791488,PNC1,1
1735338986,PNC1,1
1730541924,PNC1,1
1730231179,PNC1,1
1724567179,PNC1,1
1711930631,PNC1,1
1710493410,PNC1,1
1708583305,PNC1,1
1705895007,PNC1,1
1697816442,PNC1,1
1697787695,PNC1,1
1696518862,PNC1,1
1695950181,PNC1,1
1687224870,PNC1,1
1752698697,PNC1,1
1761473096,PNC1,1
1761492502,PNC1,1
1795409854,PNC1,1
1794346030,PNC1,1
1790488894,PNC1,1
1789695979,PNC1,1
1786969075,PNC1,1
1786222403,PNC1,1
1785444398,PNC1,1
1782265789,PNC1,1
1781775187,PNC1,1
1781205887,PNC1,1
1779232530,PNC1,1
1778227059,PNC1,1
1773584299,PNC1,1
1770415263,PNC1,1
1767985023,PNC1,1
1764158413,PNC1,1
1762102677,PNC1,1
1762027912,PNC1,1
1679688116,PNC1,1
1804076739,PNC1,1
1621617031,PNC1,1
1616242378,PNC1,1
1615516059,PNC1,1
1614363829,PNC1,1
1612290284,PNC1,1
1607889954,PNC1,1
1605617010,PNC1,1
1604268733,PNC1,1
1602583606,PNC1,1
1594198178,PNC1,1
1592697722,PNC1,1
1590131354,PNC1,1
1585331466,PNC1,1
1584150953,PNC1,1
1580563603,PNC1,1
1579351358,PNC1,1
1620557808,PNC1,1
1630775946,PNC1,1
1678076849,PNC1,1
1630871538,PNC1,1
1660839245,PNC1,1
1656931768,PNC1,1
1654119012,PNC1,1
1653206368,PNC1,1
1649501759,PNC1,1
1643083161,PNC1,1
1638126951,PNC1,1
1637723952,PNC1,1
1636587618,PNC1,1
1799875502,PNC1,1
1804310687,PNC1,1
1998578790,PNC1,1
1996891106,PNC1,1
1992060521,PNC1,1
1991567562,PNC1,1
1989985299,PNC1,1
1977306864,PNC1,1
1965701522,PNC1,1
1963601913,PNC1,1
1960268000,PNC1,1
1944147637,PNC1,1
1942988748,PNC1,1
1942822174,PNC1,1
1939119029,PNC1,1
1934623281,PNC1,1
1930702369,PNC1,1
1924149526,PNC1,1
1924109233,PNC1,1
1922557027,PNC1,1
1997401992,PNC1,1
2000585278,PNC1,1
1915807892,PNC1,1
2066354189,PNC1,1
2060298621,PNC1,1
2057058534,PNC1,1
2047559103,PNC1,1
2037552598,PNC1,1
2033463791,PNC1,1
2026754591,PNC1,1
2017765808,PNC1,1
1915723430,PNC1,1
1854364375,PNC1,1
1852377689,PNC1,1
1852239521,PNC1,1
1841154314,PNC1,1
1830789740,PNC1,1
1829488364,PNC1,1
1829191843,PNC1,1
1828951258,PNC1,1
1827965364,PNC1,1
1826680116,PNC1,1
1823231434,PNC1,1
1822850038,PNC1,1
1819473619,PNC1,1
1819013777,PNC1,1
1818459775,PNC1,1
1814037649,PNC1,1
1858784998,PNC1,1
1860819350,PNC1,1
1910420386,PNC1,1
1860870575,PNC1,1
1908959165,PNC1,1
1905979097,PNC1,1
1904270196,PNC1,1
1901159589,PNC1,1
1896354997,PNC1,1
1892704317,PNC1,1
1887390452,PNC1,1
1887252222,PNC1,1
1877783147,PNC1,1
1870893305,PNC1,1
1861299663,PNC1,1
1572161461,PNC1,1
1569761975,PNC1,1
1201047966,PNC1,1
1200684014,PNC1,1
1198356813,PNC1,1
1196527465,PNC1,1
1190308761,PNC1,1
1185574887,PNC1,1
1184389633,PNC1,1
1172262944,PNC1,1
1169616649,PNC1,1
1168021938,PNC1,1
1162141764,PNC1,1
1161831083,PNC1,1
1161373229,PNC1,1
1161329133,PNC1,1
1204013299,PNC1,1
1207361199,PNC1,1
1214132906,PNC1,1
1299596535,PNC1,1
1293529777,PNC1,1
1254730664,PNC1,1
1250648840,PNC1,1
1240942354,PNC1,1
1238756309,PNC1,1
1238240598,PNC1,1
1236117854,PNC1,1
1222568744,PNC1,1
1222330281,PNC1,1
1221640483,PNC1,1
1217141098,PNC1,1
1156073272,PNC1,1
1150591062,PNC1,1
1569318720,PNC1,1
1084860562,PNC1,1
1081730904,PNC1,1
1081366850,PNC1,1
1076565274,PNC1,1
1070737504,PNC1,1
1065666069,PNC1,1
1060532313,PNC1,1
1050116930,PNC1,1
1046353426,PNC1,1
1039936647,PNC1,1
1037644062,PNC1,1
1030193285,PNC1,1
1027389114,PNC1,1
1025031408,PNC1,1
1084225445,PNC1,1
1088695522,PNC1,1
1091857727,PNC1,1
1145936325,PNC1,1
1139941451,PNC1,1
1137996270,PNC1,1
1134044888,PNC1,1
1123556411,PNC1,1
1120459625,PNC1,1
1114035056,PNC1,1
1111014310,PNC1,1
1105526680,PNC1,1
1097398405,PNC1,1
1299713973,PNC1,1
1506723543,PNC1,1
1498873540,PNC1,1
1496827612,PNC1,1
1494969836,PNC1,1
1492693407,PNC1,1
1489422464,PNC1,1
1485727346,PNC1,1
1484543503,PNC1,1
1481550494,PNC1,1
1479578650,PNC1,1
1477683629,PNC1,1
1476023122,PNC1,1
1466472141,PNC1,1
1566869901,PNC1,1
1564801354,PNC1,1
1560828340,PNC1,1
1560233178,PNC1,1
1547584703,PNC1,1
1547173705,PNC1,1
1545837513,PNC1,1
1536441148,PNC1,1
1533767893,PNC1,1
1531930180,PNC1,1
1526154632,PNC1,1
1525589082,PNC1,1
1521763392,PNC1,1
1516788178,PNC1,1
1513930399,PNC1,1
1513736265,PNC1,1
1512563087,PNC1,1
1512440794,PNC1,1
1459501611,PNC1,1
1457648056,PNC1,1
1453143940,PNC1,1
1381671196,PNC1,1
1378634377,PNC1,1
1365145510,PNC1,1
1357417369,PNC1,1
1351409340,PNC1,1
1348459455,PNC1,1
1346910582,PNC1,1
1344101127,PNC1,1
1337936015,PNC1,1
1332795634,PNC1,1
1313957126,PNC1,1
1310346718,PNC1,1
1310206420,PNC1,1
1308201745,PNC1,1
1307181116,PNC1,1
1384982728,PNC1,1
1391684772,PNC1,1
1453109530,PNC1,1
1452555764,PNC1,1
1448457386,PNC1,1
1448081953,PNC1,1
1446259968,PNC1,1
1440643572,PNC1,1
1438348583,PNC1,1
1437821247,PNC1,1
1433666289,PNC1,1
1413282375,PNC1,1
1412450749,PNC1,1
1403873511,PNC1,1
1400509715,PNC1,1
1394077291,PNC1,1
2832458131,PNC1,2
2906925573,PNC1,2
2919917027,PNC1,2
2947976933,PNC1,2
2951167051,PNC1,2
2990984557,PNC1,2
3038035275,PNC1,2
3066751024,PNC1,2
3109977781,PNC1,2
3148192122,PNC1,2
3172989359,PNC1,2
3213518740,PNC1,2
3236644272,PNC1,2
3245338991,PNC1,2
3245954075,PNC1,2
3277181789,PNC1,2
2808974219,PNC1,2
2774105134,PNC1,2
3298815936,PNC1,2
2745152671,PNC1,2
2374556661,PNC1,2
2397937510,PNC1,2
2437115295,PNC1,2
2442304782,PNC1,2
2469426313,PNC1,2
2539603725,PNC1,2
2556918590,PNC1,2
2654954754,PNC1,2
2670354621,PNC1,2
2675079707,PNC1,2
2696622128,PNC1,2
2714001943,PNC1,2
2718945982,PNC1,2
2739408373,PNC1,2
2739925272,PNC1,2
3289562482,PNC1,2
3345297865,PNC1,2
2305221381,PNC1,2
3777345255,PNC1,2
3806576780,PNC1,2
3840308617,PNC1,2
3856077977,PNC1,2
3876784770,PNC1,2
3921457149,PNC1,2
3925565817,PNC1,2
3970800099,PNC1,2
3984163767,PNC1,2
3993637691,PNC1,2
4040147816,PNC1,2
4063155703,PNC1,2
4093108110,PNC1,2
4136155069,PNC1,2
4160147836,PNC1,2
4164375240,PNC1,2
4196310650,PNC1,2
4259136159,PNC1,2
3800855923,PNC1,2
3745413288,PNC1,2
3392963865,PNC1,2
3743427092,PNC1,2
3410573615,PNC1,2
3428149887,PNC1,2
3439727076,PNC1,2
3459140306,PNC1,2
3477990078,PNC1,2
3482208722,PNC1,2
3498378981,PNC1,2
3511384247,PNC1,2
3545637731,PNC1,2
3548675539,PNC1,2
3567315418,PNC1,2
3604691191,PNC1,2
3661330789,PNC1,2
3669543341,PNC1,2
3703469018,PNC1,2
3704095570,PNC1,2
2305446143,PNC1,2
2318786012,PNC1,2
2298674157,PNC1,2
1001970838,PNC1,2
1006151876,PNC1,2
2295699564,PNC1,2
1046399178,PNC1,2
1023701836,PNC1,2
1859900144,PNC1,2
1068261111,PNC1,2
1924569075,PNC1,2
2023285198,PNC1,2
2041229468,PNC1,2
2047595784,PNC1,2
2058693392,PNC1,2
2131488178,PNC1,2
2133389205,PNC1,2
2139026534,PNC1,2
2148378283,PNC1,2
2171240541,PNC1,2
2175309663,PNC1,2
2180799847,PNC1,2
2239217267,PNC1,2
2240703148,PNC1,2
2258551019,PNC1,2
2289849916,PNC1,2
1890822437,PNC1,2
1908390739,PNC1,2
1838464457,PNC1,2
1402618672,PNC1,2
1101490424,PNC1,2
1113295648,PNC1,2
1120521402,PNC1,2
1125207511,PNC1,2
1220374725,PNC1,2
1833416906,PNC1,2
1380078917,PNC1,2
1280157702,PNC1,2
1417920839,PNC1,2
1469221931,PNC1,2
1483500237,PNC1,2
1485100276,PNC1,2
1506379233,PNC1,2
1592786106,PNC1,2
1654508502,PNC1,2
194324018,PNC1,3
3216964316,PNC1,3
3212763876,PNC1,3
3093541482,PNC1,3
3091738725,PNC1,3
2991801804,PNC1,3
2795844072,PNC1,3
2733440164,PNC1,3
2658232795,PNC1,3
2625488221,PNC1,3
2543780112,PNC1,3
2490635263,PNC1,3
3225665554,PNC1,3
3250922962,PNC1,3
2465300344,PNC1,3
3255836650,PNC1,3
4099736023,PNC1,3
3978744570,PNC1,3
3917203499,PNC1,3
3917125611,PNC1,3
3891810238,PNC1,3
3882431387,PNC1,3
3836020010,PNC1,3
3758103185,PNC1,3
3620213387,PNC1,3
3608113928,PNC1,3
3533959599,PNC1,3
3373021317,PNC1,3
2435041096,PNC1,3
1336976954,PNC1,3
1296243384,PNC1,3
1228891697,PNC1,3
1057423710,PNC1,3
940718928,PNC1,3
851427152,PNC1,3
817266153,PNC1,3
787911250,PNC1,3
754671892,PNC1,3
646981992,PNC1,3
401879401,PNC1,3
348711479,PNC1,3
308228517,PNC1,3
250211156,PNC1,3
1303893979,PNC1,3
1586254402,PNC1,3
2423596559,PNC1,3
1643725238,PNC1,3
2338019591,PNC1,3
2240499373,PNC1,3
2097242394,PNC1,3
1885577882,PNC1,3
1871767977,PNC1,3
1838048191,PNC1,3
1836756700,PNC1,3
1794800030,PNC1,3
1786758517,PNC1,3
1738235220,PNC1,3
1654523276,PNC1,3
108828000,PNC1,4
714036765,PNC1,4
746461855,PNC1,4
766617571,PNC1,4
793702653,PNC1,4
808687263,PNC1,4
834809108,PNC1,4
835121147,PNC1,4
865678636,PNC1,4
868703738,PNC1,4
905292781,PNC1,4
915599319,PNC1,4
943724490,PNC1,4
956032422,PNC1,4
972336786,PNC1,4
978955855,PNC1,4
725744795,PNC1,4
624155263,PNC1,4
115784129,PNC1,4
199809850,PNC1,4
211169351,PNC1,4
248138276,PNC1,4
309129555,PNC1,4
324718088,PNC1,4
344766746,PNC1,4
351109165,PNC1,4
363441871,PNC1,4
385564988,PNC1,4
405373926,PNC1,4
413107749,PNC1,4
417075525,PNC1,4
481928384,PNC1,4
566745642,PNC1,4
2818302209,PNC1,5
8454119,PNC1,5
3059148008,PNC1,5
2263443077,PNC1,5
2254317902,PNC1,5
2286509730,PNC1,5
2207352563,PNC1,5
2485879167,PNC1,5
3945053428,PNC1,5
3814863545,PNC1,5
4232585168,PNC1,5
3743186010,PNC1,5
3374628517,PNC1,5
3293621097,PNC1,5
741738961,PNC1,5
498628252,PNC1,5
941151156,PNC1,5
926616751,PNC1,5
100527940,PNC1,5
410808047,PNC1,5
367320913,PNC1,5
1671345251,PNC1,5
2022868892,PNC1,5
1919055552,PNC1,5
1235977088,PNC1,5
1216701855,PNC1,5
1039797417,PNC1,5
1547321683,PNC1,5
1446589628,PNC1,5
3138342343,PNC1,6
3140512536,PNC1,6
3073794839,PNC1,6
2944925114,PNC1,6
2179545776,PNC1,6
4184549693,PNC1,6
3482761158,PNC1,6
495793681,PNC1,6
906771173,PNC1,6
219325366,PNC1,6
62582335,PNC1,6
487664430,PNC1,6
1012530688,PNC1,6
1651940244,PNC1,6
1649551035,PNC1,6
1467419170,PNC1,6
1511417686,PNC1,6
1410948099,PNC1,6
4288775453,PNC1,7
3030572467,PNC1,7
2720014197,PNC1,7
3746502009,PNC1,7
3818720350,PNC1,7
3696718394,PNC1,7
3297348664,PNC1,7
1170788175,PNC1,7
1386561348,PNC1,7
1279886614,PNC1,7
1204359507,PNC1,7
1150278162,PNC1,7
1467713509,PNC1,7
1447464089,PNC1,7
1991951207,PNC1,7
1636295669,PNC1,7
1607063270,PNC1,7
2897082725,PNC1,8
2688141773,PNC1,8
3043294809,PNC1,8
2292204095,PNC1,8
2200670875,PNC1,8
3870702454,PNC1,8
3931419723,PNC1,8
4196502261,PNC1,8
716537879,PNC1,8
624204289,PNC1,8
987544292,PNC1,8
433029449,PNC1,8
1735315447,PNC1,8
1645871327,PNC1,8
1157595916,PNC1,8
1510691965,PNC1,8
3190586154,PNC1,9
3177113419,PNC1,9
3175244541,PNC1,9
2967570405,PNC1,9
2323472643,PNC1,9
3810009389,PNC1,9
4197093898,PNC1,9
4099417558,PNC1,9
3370689672,PNC1,9
3317140614,PNC1,9
736568905,PNC1,9
27876862,PNC1,9
316324995,PNC1,9
379170502,PNC1,9
375475352,PNC1,9
361728233,PNC1,9
134279804,PNC1,10
3260960488,PNC1,10
2216595430,PNC1,10
2441231201,PNC1,10
3103368139,PNC1,10
3520758666,PNC1,10
3925705705,PNC1,10
4066124203,PNC1,10
1682850665,PNC1,10
1512248949,PNC1,10
1095340536,PNC1,10
1060668554,PNC1,10
458296344,PNC1,10
443900734,PNC1,10
398131152,PNC1,10
2718695342,PNC1,11
2918766267,PNC1,11
3176914833,PNC1,11
2117857991,PNC1,11
2180081033,PNC1,11
661364701,PNC1,11
734794291,PNC1,11
500081009,PNC1,11
802748205,PNC1,11
296947353,PNC1,11
482239832,PNC1,11
1020132225,PNC1,11
2001714085,PNC1,11
1137076695,PNC1,11
2664902924,PNC1,12
2994983988,PNC1,12
2112189288,PNC1,12
2180688285,PNC1,12
2622601913,PNC1,12
3867430894,PNC1,12
3343129791,PNC1,12
3231527178,PNC1,12
3467479455,PNC1,12
771616981,PNC1,12
189913356,PNC1,12
1779531630,PNC1,12
1857834970,PNC1,12
1531348005,PNC1,12
3055237322,PNC1,13
4264683889,PNC1,13
3346107281,PNC1,13
3481634232,PNC1,13
706517651,PNC1,13
696727241,PNC1,13
661770582,PNC1,13
272785799,PNC1,13
460925240,PNC1,13
307804547,PNC1,13
1673549883,PNC1,13
1876155559,PNC1,13
1152449741,PNC1,13
1393778620,PNC1,13
2935256495,PNC1,14
3675176980,PNC1,14
3566300931,PNC1,14
578652819,PNC1,14
1687315516,PNC1,14
1613166374,PNC1,14
1968175551,PNC1,14
2017344284,PNC1,14
2010454025,PNC1,14
1904603550,PNC1,14
1044438549,PNC1,14
1340072536,PNC1,14
3373396339,PNC1,15
2822781649,PNC1,15
3371160733,PNC1,15
3376877661,PNC1,15
3486713588,PNC1,15
1631350938,PNC1,15
443632695,PNC1,15
571955453,PNC1,15
872953625,PNC1,15
1228855311,PNC1,15
1342487188,PNC1,15
2249335715,PNC1,16
2647862856,PNC1,16
4033561173,PNC1,16
3463353736,PNC1,16
3239156026,PNC1,16
3234328642,PNC1,16
3726299659,PNC1,16
619623685,PNC1,16
812909443,PNC1,16
2038321583,PNC1,16
375686109,PNC1,17
432187454,PNC1,17
334290435,PNC1,17
306816217,PNC1,17
281446151,PNC1,17
233932345,PNC1,17
163259093,PNC1,17
746172812,PNC1,17
2361299150,PNC1,18
3439662539,PNC1,18
533698126,PNC1,18
978838797,PNC1,18
374130224,PNC1,18
2003542642,PNC1,18
1471046861,PNC1,18
3207921706,PNC1,19
3131141015,PNC1,19
3950621480,PNC1,19
2470516380,PNC1,19
2355359789,PNC1,19
2231031108,PNC1,19
4231164226,PNC1,19
2175676858,PNC1,20
1812622069,PNC1,20
272468530,PNC1,20
440314957,PNC1,20
462702505,PNC1,20
473767958,PNC1,20
1334116930,PNC1,20
2347753317,PNC1,21
3076915122,PNC1,21
2319274290,PNC1,21
1157233457,PNC1,21
1502224855,PNC1,21
2824066679,PNC1,22
2161418201,PNC1,22
3340851327,PNC1,22
646773252,PNC1,22
2051099070,PNC1,22
3620165734,PNC1,23
3818082974,PNC1,23
3831608525,PNC1,23
993394555,PNC1,23
443652258,PNC1,23
1000881804,PNC1,24
443334800,PNC1,24
1197045954,PNC1,24
1382465428,PNC1,24
2457761447,PNC1,25
2726043986,PNC1,25
3874353588,PNC1,25
2165388202,PNC1,25
4083828352,PNC1,26
29811890,PNC1,26
105914514,PNC1,26
1133357643,PNC1,26
2840008346,PNC1,27
2884386695,PNC1,27
1686389288,PNC1,27
2871739930,PNC1,28
4067048825,PNC1,28
3615907583,PNC1,28
4190603704,PNC1,29
1440768299,PNC1,29
3901605230,PNC1,30
952845911,PNC1,30
490845995,PNC1,31
1120275692,PNC1,31
3807880204,PNC1,32
2100052286,PNC1,32
273547252,PNC1,33
1304389731,PNC1,33
2626581416,PNC1,34
666666729,PNC1,34
1103118018,PNC1,35
2551635949,PNC1,35
255089519,PNC1,36
1867827374,PNC1,36
2976850765,PNC1,37
1248515966,PNC1,37
3915422918,PNC1,38
3995554858,PNC1,38
3392035756,PNC1,39
3565014343,PNC1,39
3497670658,PNC1,40
636218109,PNC1,40
3704894948,PNC1,41
1861767482,PNC1,41
4205323727,PNC1,42
3492490140,PNC1,42
3362293049,PNC1,43
3539567950,PNC1,43
3670726676,PNC1,44
3706183788,PNC1,44
2939479952,PNC1,45
2672167232,PNC1,46
2486269820,PNC1,47
3516454823,PNC1,48
2454545162,PNC1,49
71851847,PNC1,50
154667058,PNC1,51
77390767,PNC1,52
2134697000,PNC1,53
1497934968,PNC1,54
3917353122,PNC1,55
856706691,PNC1,56
2816126335,PNC1,57
2791617373,PNC1,58
1342685465,PNC1,59
2202346713,PNC1,60
3090132303,PNC1,61
2877714252,PNC1,62
1110356321,PNC1,63
3247943782,PNC1,64
2982184070,PNC1,65
2933490015,PNC1,66
3447842173,PNC1,67
195168692,PNC1,68
977404127,PNC1,69
876444031,PNC1,70
1901910719,PNC1,71
2723385487,PNC1,72
1929155048,PNC1,73
1832999514,PNC1,74
1163553824,PNC1,75
300988508,PNC1,76
4113794425,PNC1,77
335104664,PNC1,78
429608771,PNC1,79
747098283,PNC1,80
2762202970,PNC1,81
2048917421,PNC1,82
3445089839,PNC1,83
1472207263,PNC1,84
2070099435,PNC1,85
3670092995,PNC1,86
713088600,PNC1,87
865069950,PNC1,88
278814796,PNC1,89
2404916865,PNC1,90
3972288841,PNC1,91
3957619959,PNC1,92
3770031954,PNC1,93
3221624404,PNC1,94
3264978932,PNC1,95
3671045126,PNC1,96
3730474103,PNC1,97
585579170,PNC1,98
858211894,PNC1,99
221853583,PNC1,100
198051119,PNC1,101
292969238,PNC1,102
699682516,PNC1,103
52835891,PNC1,104
74920331,PNC1,105
396928608,PNC1,106
1604003015,PNC1,107
1648798153,PNC1,108
1638715823,PNC1,109
2002122030,PNC1,110
1873729948,PNC1,111
1570413707,PNC1,112
1177503761,PNC1,113
1164794273,PNC1,114
1094939473,PNC1,115
2462036439,PNC1,116
2645905397,PNC1,117
2200266312,PNC1,118
2321665294,PNC1,119
265721632,PNC1,120
310631091,PNC1,121
562992781,PNC1,122
583203611,PNC1,123
1043634177,PNC1,124
1048162151,PNC1,125
2070724014,PNC1,126
2151592349,PNC1,127
1593612444,PNC1,128
494764211,PNC1,129
520579518,PNC1,130
1457842729,PNC1,131
2788824854,PNC1,132
3531047767,PNC1,133
1303822344,PNC1,134
533823633,PNC1,135
984757368,PNC1,136
55710183,PNC1,137
2450905343,PNC1,138
2788528349,PNC1,139
3091757174,PNC1,140
2932582600,PNC1,141
2932569616,PNC1,142
2249226316,PNC1,143
2280234873,PNC1,144
470135601,PNC1,145
